[
  {
    "img":"./img/panda.jpg",
    "name":"Panda",
    "count":"1,864"
  },

  {
    "img":"./img/blackrhino.jpg",
    "name":"Black Rhinos",
    "count":"5,600"
  },

  {
    "img":"./img/redpanda.jpg",
    "name":"Red Panda",
    "count":"less than 10,000"
  },

  {
    "img":"./img/borneanOrangutan.jpg",
    "name":"Bornean Orangutan",
    "count":"about 104,700"
  },

  {
    "img":"./img/crossRiverGorilla.jpg",
    "name":"Cross River Gorilla",
    "count":"about 200 to 300"
  },

  {
    "img":"./img/hawksbillTurtle.jpg",
    "name":"Hawksbill Turtles",
    "count":"fewer than 25,000"
  },

  {
    "img":"./img/javanRhino.jpg",
    "name":"Javan Rhino",
    "count":"around 6"
  },

  {
    "img":"./img/malayanTiger.jpg",
    "name":"Malayan Tiger",
    "count":"fewer than 150"
  },

  {
    "img":"./img/vaquita.jpg",
    "name":"Vaquita",
    "count":"about 10"
  },

  {
    "img":"./img/yangtzezFinlessPorpoise.jpg",
    "name":"Yangtze Finless Porpoise",
    "count":"about 1,000 remain"
  },

  {
    "img":"./img/saola.jpg",
    "name":"Saola",
    "count":"about 750 remain"
  },

  {
    "img":"./img/northAtlanticRightWhale.jpg",
    "name":"North Atlantic Right Whale",
    "count":"about fewer than 350 remain"
  },

  {
    "img":"./img/amurLeopard.jpg",
    "name":"Amur Leopard",
    "count":"about 120 remain"
  },
  
  {
    "img":"./img/vancouverIslandMarmot.jpg",
    "name":"Vancouver Island Marmot",
    "count":"about 200 remain"
  },

  {
    "img":"./img/sumatranElephant.jpg",
    "name":"Sumatran Elephant",
    "count":"about 2,400-2,800 remain"
  },
  
  {
    "img":"./img/sundaTiger.jpg",
    "name":"Sunda Tiger",
    "count":"about 400 remain"
  },

  {
    "img":"./img/brazilianSpixMacaw.jpg",
    "name":"Brazilian Spix Macaw",
    "count":"about 177 remain"
  }
]
